Loja;MEM;Mega
59;233448;227,9765625
88;234540;229,0429688
103;234540;229,0429688
109;234540;229,0429688
25;234944;229,4375
115;234944;229,4375
117;234944;229,4375
113;495400;483,7890625
113;495400;483,7890625
128;495400;483,7890625
135;495400;483,7890625
141;495400;483,7890625
142;495400;483,7890625
126;496896;485,25
127;496896;485,25
129;496896;485,25
131;496896;485,25
131;496896;485,25
1;913800;892,3828125
1;913800;892,3828125
8;913800;892,3828125
21;913800;892,3828125
41;913800;892,3828125
41;913800;892,3828125
45;913800;892,3828125
45;913800;892,3828125
45;913800;892,3828125
45;913800;892,3828125
58;913800;892,3828125
77;913800;892,3828125
108;913800;892,3828125
119;913800;892,3828125
190;913800;892,3828125
199;913800;892,3828125
236;913800;892,3828125
236;913800;892,3828125
271;913800;892,3828125
286;913800;892,3828125
323;913800;892,3828125
355;913800;892,3828125
4;913816;892,3984375
9;913816;892,3984375
26;913816;892,3984375
35;913816;892,3984375
37;913816;892,3984375
46;913816;892
48;913816;892,3984375
52;913816;892,3984375
72;913816;892,3984375
72;913816;892,3984375
115;913816;892,3984375
118;913816;892,3984375
126;913816;892,3984375
172;913816;892,3984375
269;913816;892,3984375
40;913824;892,40625
61;913824;892,40625
89;913824;892,40625
89;913824;892,40625
89;914356;892,9257813
98;914372;892,9414063
171;914372;892,9414063
41;914400;892,96875
193;963024;940,453125
66;963036;940,4648438
72;963036;940,4648438
108;963036;940,4648438
127;963036;940,4648438
166;963036;940,4648438
176;963036;940,4648438
176;963036;940,4648438
179;963036;940,4648438
185;963036;940,4648438
185;963036;940,4648438
185;963036;940,4648438
185;963036;940,4648438
186;963036;940,4648438
186;963036;940,4648438
186;963036;940,4648438
230;963036;940,4648438
230;963036;940,4648438
231;963036;940,4648438
231;963036;940,4648438
231;963036;940,4648438
237;963036;940,4648438
237;963036;940,4648438
239;963036;940,4648438
239;963036;940,4648438
239;963036;940,4648438
239;963036;940,4648438
244;963036;940,4648438
244;963036;940,4648438
1;988552;965,3828125
52;988552;965,3828125
59;988552;965,3828125
59;988552;965,3828125
68;988552;965,3828125
78;988552;965,3828125
143;988552;965,3828125
143;988552;965,3828125
143;988552;965,3828125
143;988552;965,3828125
148;988552;965,3828125
148;988552;965,3828125
149;988552;965,3828125
153;988552;965,3828125
154;988552;965,3828125
154;988552;965,3828125
154;988552;965,3828125
154;988552;965,3828125
155;988552;965,3828125
156;988552;965,3828125
156;988552;965,3828125
156;988552;965,3828125
156;988552;965,3828125
157;988552;965,3828125
157;988552;965,3828125
157;988552;965,3828125
158;988552;965,3828125
158;988552;965,3828125
158;988552;965,3828125
158;988552;965,3828125
161;988552;965,3828125
167;988552;965,3828125
172;988552;965,3828125
172;988552;965,3828125
172;988552;965,3828125
173;988552;965,3828125
173;988552;965,3828125
173;988552;965,3828125
173;988552;965,3828125
173;988552;965,3828125
174;988552;965,3828125
174;988552;965,3828125
177;988552;965,3828125
177;988552;965,3828125
178;988552;965,3828125
178;988552;965,3828125
179;988552;965,3828125
180;988552;965,3828125
180;988552;965,3828125
180;988552;965,3828125
183;988552;965,3828125
183;988552;965,3828125
183;988552;965,3828125
189;988552;965,3828125
189;988552;965,3828125
189;988552;965,3828125
189;988552;965,3828125
189;988552;965,3828125
191;988552;965,3828125
191;988552;965,3828125
191;988552;965,3828125
193;988552;965,3828125
194;988552;965,3828125
195;988552;965,3828125
195;988552;965,3828125
197;988552;965,3828125
197;988552;965,3828125
197;988552;965,3828125
198;988552;965,3828125
198;988552;965,3828125
198;988552;965,3828125
230;988552;965,3828125
230;988552;965,3828125
269;988552;965,3828125
273;988552;965,3828125
172;988780;965,6054688
135;1014124;990,3554688
135;1014124;990,3554688
139;1014124;990,3554688
150;1014124;990,3554688
150;1014124;990,3554688
153;1014124;990,3554688
163;1014124;990,3554688
168;1014124;990,3554688
168;1014124;990,3554688
168;1014124;990,3554688
131;1015620;991,8164063
87;1015648;991,84375
115;1887148;1842,917969
21;1887156;1842,925781
167;1887160;1842,929688
194;1887172;1842,941406
101;1943984;1898,421875
306;1943984;1898,421875
385;1945528;1899,929688
2;1947528;1901,882813
3;1947528;1901,882813
4;1947528;1901,882813
18;1947528;1901,882813
18;1947528;1901,882813
30;1947528;1901,882813
31;1947528;1901,882813
39;1947528;1901,882813
42;1947528;1901,882813
52;1947528;1901,882813
73;1947528;1901,882813
101;1947528;1901,882813
121;1947528;1901,882813
250;1947528;1901,882813
250;1947528;1901,882813
252;1947528;1901,882813
256;1947528;1901,882813
257;1947528;1901,882813
257;1947528;1901,882813
259;1947528;1901,882813
259;1947528;1901,882813
259;1947528;1901,882813
262;1947528;1901,882813
262;1947528;1901,882813
262;1947528;1901,882813
262;1947528;1901,882813
262;1947528;1901,882813
266;1947528;1901,882813
266;1947528;1901,882813
268;1947528;1901,882813
268;1947528;1901,882813
268;1947528;1901,882813
268;1947528;1901,882813
268;1947528;1901,882813
268;1947528;1901,882813
273;1947528;1901,882813
273;1947528;1901,882813
275;1947528;1901,882813
275;1947528;1901,882813
275;1947528;1901,882813
277;1947528;1901,882813
277;1947528;1901,882813
277;1947528;1901,882813
277;1947528;1901,882813
277;1947528;1901,882813
278;1947528;1901,882813
278;1947528;1901,882813
279;1947528;1901,882813
279;1947528;1901,882813
279;1947528;1901,882813
280;1947528;1901,882813
281;1947528;1901,882813
281;1947528;1901,882813
281;1947528;1901,882813
281;1947528;1901,882813
282;1947528;1901,882813
282;1947528;1901,882813
282;1947528;1901,882813
283;1947528;1901,882813
285;1947528;1901,882813
285;1947528;1901,882813
285;1947528;1901,882813
285;1947528;1901,882813
285;1947528;1901,882813
285;1947528;1901,882813
286;1947528;1901,882813
288;1947528;1901,882813
290;1947528;1901,882813
290;1947528;1901,882813
292;1947528;1901,882813
295;1947528;1901,882813
297;1947528;1901,882813
297;1947528;1901,882813
300;1947528;1901,882813
300;1947528;1901,882813
318;1947528;1901,882813
318;1947528;1901,882813
355;1947528;1901,882813
355;1947528;1901,882813
355;1947528;1901,882813
355;1947528;1901,882813
355;1947528;1901,882813
400;1947528;1901,882813
18;1947536;1901,890625
49;1947536;1901,890625
52;1947536;1901,890625
66;1947536;1901,890625
69;1947536;1901,890625
72;1947536;1901,890625
191;1947536;1901,890625
256;1947536;1901,890625
260;1947536;1901,890625
285;1947536;1901,890625
5;1947544;1901,898438
39;1947544;1901,898438
121;1947544;1901,898438
126;1947544;1901,898438
126;1947544;1901,898438
147;1947544;1901,898438
147;1947544;1901,898438
256;1947544;1901,898438
257;1947544;1901,898438
259;1947544;1901,898438
259;1947544;1901,898438
260;1947544;1901,898438
268;1947544;1901,898438
273;1947544;1901,898438
275;1947544;1901,898438
277;1947544;1901,898438
281;1947544;1901,898438
282;1947544;1901,898438
285;1947544;1901,898438
285;1947544;1901,898438
285;1947544;1901,898438
290;1947544;1901,898438
85;1947548;1901,902344
3;1947552;1901,90625
5;1947552;1901,90625
22;1947552;1901,90625
27;1947552;1901,90625
35;1947552;1901,90625
37;1947552;1901,90625
47;1947552;1901,90625
59;1947552;1901,90625
60;1947552;1901,90625
61;1947552;1901,90625
72;1947552;1901,90625
76;1947552;1901,90625
85;1947552;1901,90625
85;1947552;1901,90625
86;1947552;1901,90625
91;1947552;1901,90625
92;1947552;1901,90625
98;1947552;1901,90625
107;1947552;1901,90625
109;1947552;1901,90625
126;1947552;1901,90625
189;1947552;1901,90625
256;1947552;1901,90625
257;1947552;1901,90625
266;1947552;1901,90625
277;1947552;1901,90625
282;1947552;1901,90625
282;1947552;1901,90625
286;1947552;1901,90625
290;1947552;1901,90625
42;1947556;1901,910156
283;1947556;1901,910156
288;1947556;1901,910156
38;1947564;1901,917969
118;1947564;1901,917969
73;1947580;1901,933594
257;1947596;1901,949219
275;1947596;1901,949219
18;1947620;1901,972656
259;1949640;1903,945313
136;1949660;1903,964844
199;1949660;1903,964844
4;1950112;1904,40625
115;1950112;1904,40625
86;1952536;1906,773438
65;1952548;1906,785156
309;1952664;1906,898438
6;1952668;1906,902344
87;1952668;1906,902344
100;1952668;1906,902344
130;1952668;1906,902344
159;1952668;1906,902344
235;1952668;1906,902344
235;1952668;1906,902344
260;1952668;1906,902344
261;1952668;1906,902344
261;1952668;1906,902344
261;1952668;1906,902344
261;1952668;1906,902344
279;1952668;1906,902344
299;1952668;1906,902344
299;1952668;1906,902344
301;1952668;1906,902344
301;1952668;1906,902344
307;1952668;1906,902344
307;1952668;1906,902344
307;1952668;1906,902344
307;1952668;1906,902344
307;1952668;1906,902344
308;1952668;1906,902344
308;1952668;1906,902344
308;1952668;1906,902344
308;1952668;1906,902344
308;1952668;1906,902344
308;1952668;1906,902344
308;1952668;1906,902344
309;1952668;1906,902344
309;1952668;1906,902344
309;1952668;1906,902344
309;1952668;1906,902344
309;1952668;1906,902344
309;1952668;1906,902344
312;1952668;1906,902344
312;1952668;1906,902344
312;1952668;1906,902344
312;1952668;1906,902344
312;1952668;1906,902344
312;1952668;1906,902344
323;1952668;1906,902344
333;1952668;1906,902344
333;1952668;1906,902344
401;1952668;1906,902344
401;1952668;1906,902344
403;1952668;1906,902344
403;1952668;1906,902344
403;1952668;1906,902344
83;1952672;1906,90625
2;1952676;1906,910156
22;1952676;1906,910156
45;1952676;1906,910156
268;1952676;1906,910156
270;1952676;1906,910156
270;1952676;1906,910156
273;1952676;1906,910156
273;1952676;1906,910156
273;1952676;1906,910156
275;1952676;1906,910156
283;1952676;1906,910156
283;1952676;1906,910156
283;1952676;1906,910156
283;1952676;1906,910156
288;1952676;1906,910156
288;1952676;1906,910156
292;1952676;1906,910156
295;1952676;1906,910156
297;1952676;1906,910156
297;1952676;1906,910156
300;1952676;1906,910156
315;1952676;1906,910156
318;1952676;1906,910156
318;1952676;1906,910156
318;1952676;1906,910156
1;1952680;1906,914063
1;1952680;1906,914063
1;1952680;1906,914063
2;1952680;1906,914063
2;1952680;1906,914063
3;1952680;1906,914063
3;1952680;1906,914063
4;1952680;1906,914063
5;1952680;1906,914063
6;1952680;1906,914063
8;1952680;1906,914063
9;1952680;1906,914063
11;1952680;1906,914063
11;1952680;1906,914063
11;1952680;1906,914063
22;1952680;1906,914063
25;1952680;1906,914063
27;1952680;1906,914063
28;1952680;1906,914063
29;1952680;1906,914063
35;1952680;1906,914063
37;1952680;1906,914063
37;1952680;1906,914063
38;1952680;1906,914063
38;1952680;1906,914063
41;1952680;1906,914063
43;1952680;1906,914063
44;1952680;1906,914063
44;1952680;1906,914063
45;1952680;1906,914063
45;1952680;1906,914063
45;1952680;1906,914063
47;1952680;1906,914063
47;1952680;1906,914063
49;1952680;1906,914063
50;1952680;1906,914063
52;1952680;1906,914063
55;1952680;1906,914063
56;1952680;1906,914063
57;1952680;1906,914063
62;1952680;1906,914063
62;1952680;1906,914063
65;1952680;1906,914063
67;1952680;1906,914063
69;1952680;1906,914063
70;1952680;1906,914063
70;1952680;1906,914063
76;1952680;1906,914063
77;1952680;1906,914063
78;1952680;1906,914063
78;1952680;1906,914063
79;1952680;1906,914063
79;1952680;1906,914063
79;1952680;1906,914063
83;1952680;1906,914063
83;1952680;1906,914063
83;1952680;1906,914063
84;1952680;1906,914063
84;1952680;1906,914063
87;1952680;1906,914063
87;1952680;1906,914063
88;1952680;1906,914063
88;1952680;1906,914063
92;1952680;1906,914063
96;1952680;1906,914063
97;1952680;1906,914063
102;1952680;1906,914063
103;1952680;1906,914063
107;1952680;1906,914063
107;1952680;1906,914063
111;1952680;1906,914063
112;1952680;1906,914063
115;1952680;1906,914063
115;1952680;1906,914063
118;1952680;1906,914063
119;1952680;1906,914063
122;1952680;1906,914063
131;1952680;1906,914063
137;1952680;1906,914063
138;1952680;1906,914063
138;1952680;1906,914063
141;1952680;1906,914063
146;1952680;1906,914063
148;1952680;1906,914063
150;1952680;1906,914063
151;1952680;1906,914063
154;1952680;1906,914063
156;1952680;1906,914063
159;1952680;1906,914063
159;1952680;1906,914063
163;1952680;1906,914063
166;1952680;1906,914063
167;1952680;1906,914063
171;1952680;1906,914063
175;1952680;1906,914063
183;1952680;1906,914063
185;1952680;1906,914063
187;1952680;1906,914063
187;1952680;1906,914063
195;1952680;1906,914063
196;1952680;1906,914063
237;1952680;1906,914063
243;1952680;1906,914063
243;1952680;1906,914063
244;1952680;1906,914063
251;1952680;1906,914063
261;1952680;1906,914063
280;1952680;1906,914063
293;1952680;1906,914063
295;1952680;1906,914063
303;1952680;1906,914063
303;1952680;1906,914063
303;1952680;1906,914063
303;1952680;1906,914063
303;1952680;1906,914063
306;1952680;1906,914063
307;1952680;1906,914063
308;1952680;1906,914063
312;1952680;1906,914063
317;1952680;1906,914063
317;1952680;1906,914063
326;1952680;1906,914063
327;1952680;1906,914063
327;1952680;1906,914063
327;1952680;1906,914063
327;1952680;1906,914063
327;1952680;1906,914063
327;1952680;1906,914063
327;1952680;1906,914063
327;1952680;1906,914063
328;1952680;1906,914063
328;1952680;1906,914063
328;1952680;1906,914063
328;1952680;1906,914063
330;1952680;1906,914063
334;1952680;1906,914063
334;1952680;1906,914063
334;1952680;1906,914063
334;1952680;1906,914063
338;1952680;1906,914063
338;1952680;1906,914063
338;1952680;1906,914063
338;1952680;1906,914063
339;1952680;1906,914063
339;1952680;1906,914063
339;1952680;1906,914063
354;1952680;1906,914063
354;1952680;1906,914063
354;1952680;1906,914063
355;1952680;1906,914063
356;1952680;1906,914063
356;1952680;1906,914063
356;1952680;1906,914063
356;1952680;1906,914063
358;1952680;1906,914063
362;1952680;1906,914063
362;1952680;1906,914063
363;1952680;1906,914063
363;1952680;1906,914063
363;1952680;1906,914063
369;1952680;1906,914063
380;1952680;1906,914063
380;1952680;1906,914063
380;1952680;1906,914063
380;1952680;1906,914063
380;1952680;1906,914063
381;1952680;1906,914063
381;1952680;1906,914063
381;1952680;1906,914063
381;1952680;1906,914063
381;1952680;1906,914063
381;1952680;1906,914063
381;1952680;1906,914063
382;1952680;1906,914063
382;1952680;1906,914063
382;1952680;1906,914063
382;1952680;1906,914063
383;1952680;1906,914063
383;1952680;1906,914063
384;1952680;1906,914063
384;1952680;1906,914063
384;1952680;1906,914063
386;1952680;1906,914063
386;1952680;1906,914063
386;1952680;1906,914063
387;1952680;1906,914063
387;1952680;1906,914063
387;1952680;1906,914063
387;1952680;1906,914063
389;1952680;1906,914063
389;1952680;1906,914063
389;1952680;1906,914063
389;1952680;1906,914063
389;1952680;1906,914063
390;1952680;1906,914063
390;1952680;1906,914063
390;1952680;1906,914063
390;1952680;1906,914063
390;1952680;1906,914063
398;1952680;1906,914063
400;1952680;1906,914063
409;1952680;1906,914063
409;1952680;1906,914063
428;1952680;1906,914063
428;1952680;1906,914063
436;1952680;1906,914063
2;1952684;1906,917969
29;1952684;1906,917969
30;1952684;1906,917969
41;1952684;1906,917969
41;1952684;1906,917969
47;1952684;1906,917969
47;1952684;1906,917969
57;1952684;1906,917969
57;1952684;1906,917969
69;1952684;1906,917969
70;1952684;1906,917969
90;1952684;1906,917969
92;1952684;1906,917969
98;1952684;1906,917969
101;1952684;1906,917969
105;1952684;1906,917969
107;1952684;1906,917969
107;1952684;1906,917969
121;1952684;1906,917969
131;1952684;1906,917969
138;1952684;1906,917969
143;1952684;1906,917969
149;1952684;1906,917969
161;1952684;1906,917969
175;1952684;1906,917969
182;1952684;1906,917969
193;1952684;1906,917969
199;1952684;1906,917969
245;1952684;1906,917969
258;1952684;1906,917969
258;1952684;1906,917969
276;1952684;1906,917969
276;1952684;1906,917969
276;1952684;1906,917969
281;1952684;1906,917969
281;1952684;1906,917969
287;1952684;1906,917969
287;1952684;1906,917969
297;1952684;1906,917969
298;1952684;1906,917969
299;1952684;1906,917969
301;1952684;1906,917969
319;1952684;1906,917969
322;1952684;1906,917969
322;1952684;1906,917969
330;1952684;1906,917969
338;1952684;1906,917969
340;1952684;1906,917969
353;1952684;1906,917969
358;1952684;1906,917969
376;1952684;1906,917969
398;1952684;1906,917969
398;1952684;1906,917969
398;1952684;1906,917969
398;1952684;1906,917969
419;1952684;1906,917969
419;1952684;1906,917969
419;1952684;1906,917969
419;1952684;1906,917969
419;1952684;1906,917969
40;1952688;1906,921875
270;1952688;1906,921875
281;1952688;1906,921875
290;1952688;1906,921875
295;1952688;1906,921875
318;1952688;1906,921875
91;1952692;1906,925781
1;1952696;1906,929688
1;1952696;1906,929688
2;1952696;1906,929688
3;1952696;1906,929688
4;1952696;1906,929688
4;1952696;1906,929688
5;1952696;1906,929688
5;1952696;1906,929688
5;1952696;1906,929688
6;1952696;1906,929688
6;1952696;1906,929688
7;1952696;1906,929688
8;1952696;1906,929688
10;1952696;1906,929688
10;1952696;1906,929688
11;1952696;1906,929688
11;1952696;1906,929688
21;1952696;1906,929688
21;1952696;1906,929688
21;1952696;1906,929688
22;1952696;1906,929688
22;1952696;1906,929688
26;1952696;1906,929688
26;1952696;1906,929688
26;1952696;1906,929688
26;1952696;1906,929688
28;1952696;1906,929688
28;1952696;1906,929688
29;1952696;1906,929688
29;1952696;1906,929688
31;1952696;1906,929688
32;1952696;1906,929688
32;1952696;1906,929688
36;1952696;1906,929688
36;1952696;1906,929688
37;1952696;1906,929688
37;1952696;1906,929688
37;1952696;1906,929688
37;1952696;1906,929688
40;1952696;1906,929688
43;1952696;1906,929688
45;1952696;1906,929688
45;1952696;1906,929688
47;1952696;1906,929688
47;1952696;1906,929688
47;1952696;1906,929688
48;1952696;1906,929688
48;1952696;1906,929688
48;1952696;1906,929688
49;1952696;1906,929688
49;1952696;1906,929688
50;1952696;1906,929688
53;1952696;1906,929688
53;1952696;1906,929688
53;1952696;1906,929688
55;1952696;1906,929688
56;1952696;1906,929688
57;1952696;1906,929688
57;1952696;1906,929688
57;1952696;1906,929688
58;1952696;1906,929688
59;1952696;1906,929688
59;1952696;1906,929688
59;1952696;1906,929688
59;1952696;1906,929688
59;1952696;1906,929688
59;1952696;1906,929688
60;1952696;1906,929688
61;1952696;1906,929688
62;1952696;1906,929688
62;1952696;1906,929688
63;1952696;1906,929688
65;1952696;1906,929688
65;1952696;1906,929688
67;1952696;1906,929688
68;1952696;1906,929688
68;1952696;1906,929688
68;1952696;1906,929688
68;1952696;1906,929688
70;1952696;1906,929688
70;1952696;1906,929688
70;1952696;1906,929688
73;1952696;1906,929688
73;1952696;1906,929688
79;1952696;1906,929688
81;1952696;1906,929688
81;1952696;1906,929688
84;1952696;1906,929688
84;1952696;1906,929688
84;1952696;1906,929688
84;1952696;1906,929688
85;1952696;1906,929688
86;1952696;1906,929688
86;1952696;1906,929688
86;1952696;1906,929688
87;1952696;1906,929688
88;1952696;1906,929688
88;1952696;1906,929688
89;1952696;1906,929688
90;1952696;1906,929688
91;1952696;1906,929688
93;1952696;1906,929688
96;1952696;1906,929688
96;1952696;1906,929688
96;1952696;1906,929688
96;1952696;1906,929688
97;1952696;1906,929688
98;1952696;1906,929688
98;1952696;1906,929688
100;1952696;1906,929688
100;1952696;1906,929688
100;1952696;1906,929688
101;1952696;1906,929688
101;1952696;1906,929688
101;1952696;1906,929688
102;1952696;1906,929688
102;1952696;1906,929688
102;1952696;1906,929688
102;1952696;1906,929688
106;1952696;1906,929688
106;1952696;1906,929688
109;1952696;1906,929688
109;1952696;1906,929688
111;1952696;1906,929688
115;1952696;1906,929688
116;1952696;1906,929688
116;1952696;1906,929688
116;1952696;1906,929688
116;1952696;1906,929688
117;1952696;1906,929688
117;1952696;1906,929688
118;1952696;1906,929688
118;1952696;1906,929688
118;1952696;1906,929688
119;1952696;1906,929688
120;1952696;1906,929688
121;1952696;1906,929688
121;1952696;1906,929688
122;1952696;1906,929688
122;1952696;1906,929688
122;1952696;1906,929688
125;1952696;1906,929688
125;1952696;1906,929688
125;1952696;1906,929688
125;1952696;1906,929688
125;1952696;1906,929688
125;1952696;1906,929688
125;1952696;1906,929688
126;1952696;1906,929688
127;1952696;1906,929688
127;1952696;1906,929688
127;1952696;1906,929688
127;1952696;1906,929688
128;1952696;1906,929688
128;1952696;1906,929688
129;1952696;1906,929688
129;1952696;1906,929688
129;1952696;1906,929688
129;1952696;1906,929688
129;1952696;1906,929688
129;1952696;1906,929688
130;1952696;1906,929688
131;1952696;1906,929688
132;1952696;1906,929688
135;1952696;1906,929688
136;1952696;1906,929688
139;1952696;1906,929688
140;1952696;1906,929688
140;1952696;1906,929688
140;1952696;1906,929688
142;1952696;1906,929688
142;1952696;1906,929688
146;1952696;1906,929688
148;1952696;1906,929688
157;1952696;1906,929688
159;1952696;1906,929688
159;1952696;1906,929688
159;1952696;1906,929688
161;1952696;1906,929688
161;1952696;1906,929688
162;1952696;1906,929688
162;1952696;1906,929688
162;1952696;1906,929688
163;1952696;1906,929688
169;1952696;1906,929688
171;1952696;1906,929688
175;1952696;1906,929688
175;1952696;1906,929688
175;1952696;1906,929688
175;1952696;1906,929688
179;1952696;1906,929688
182;1952696;1906,929688
185;1952696;1906,929688
187;1952696;1906,929688
191;1952696;1906,929688
193;1952696;1906,929688
193;1952696;1906,929688
194;1952696;1906,929688
196;1952696;1906,929688
196;1952696;1906,929688
200;1952696;1906,929688
235;1952696;1906,929688
235;1952696;1906,929688
235;1952696;1906,929688
235;1952696;1906,929688
235;1952696;1906,929688
236;1952696;1906,929688
236;1952696;1906,929688
237;1952696;1906,929688
243;1952696;1906,929688
243;1952696;1906,929688
245;1952696;1906,929688
258;1952696;1906,929688
258;1952696;1906,929688
269;1952696;1906,929688
270;1952696;1906,929688
271;1952696;1906,929688
271;1952696;1906,929688
276;1952696;1906,929688
276;1952696;1906,929688
276;1952696;1906,929688
276;1952696;1906,929688
278;1952696;1906,929688
281;1952696;1906,929688
287;1952696;1906,929688
287;1952696;1906,929688
289;1952696;1906,929688
289;1952696;1906,929688
289;1952696;1906,929688
289;1952696;1906,929688
289;1952696;1906,929688
289;1952696;1906,929688
289;1952696;1906,929688
289;1952696;1906,929688
292;1952696;1906,929688
292;1952696;1906,929688
292;1952696;1906,929688
293;1952696;1906,929688
293;1952696;1906,929688
293;1952696;1906,929688
295;1952696;1906,929688
297;1952696;1906,929688
298;1952696;1906,929688
298;1952696;1906,929688
298;1952696;1906,929688
298;1952696;1906,929688
299;1952696;1906,929688
303;1952696;1906,929688
303;1952696;1906,929688
305;1952696;1906,929688
305;1952696;1906,929688
305;1952696;1906,929688
305;1952696;1906,929688
305;1952696;1906,929688
306;1952696;1906,929688
306;1952696;1906,929688
306;1952696;1906,929688
306;1952696;1906,929688
313;1952696;1906,929688
313;1952696;1906,929688
313;1952696;1906,929688
313;1952696;1906,929688
313;1952696;1906,929688
315;1952696;1906,929688
315;1952696;1906,929688
316;1952696;1906,929688
316;1952696;1906,929688
316;1952696;1906,929688
316;1952696;1906,929688
317;1952696;1906,929688
317;1952696;1906,929688
319;1952696;1906,929688
319;1952696;1906,929688
319;1952696;1906,929688
319;1952696;1906,929688
319;1952696;1906,929688
322;1952696;1906,929688
322;1952696;1906,929688
322;1952696;1906,929688
322;1952696;1906,929688
322;1952696;1906,929688
323;1952696;1906,929688
323;1952696;1906,929688
323;1952696;1906,929688
323;1952696;1906,929688
326;1952696;1906,929688
326;1952696;1906,929688
326;1952696;1906,929688
326;1952696;1906,929688
328;1952696;1906,929688
328;1952696;1906,929688
329;1952696;1906,929688
329;1952696;1906,929688
329;1952696;1906,929688
329;1952696;1906,929688
329;1952696;1906,929688
329;1952696;1906,929688
329;1952696;1906,929688
329;1952696;1906,929688
330;1952696;1906,929688
330;1952696;1906,929688
330;1952696;1906,929688
330;1952696;1906,929688
332;1952696;1906,929688
332;1952696;1906,929688
332;1952696;1906,929688
332;1952696;1906,929688
332;1952696;1906,929688
332;1952696;1906,929688
332;1952696;1906,929688
332;1952696;1906,929688
332;1952696;1906,929688
333;1952696;1906,929688
333;1952696;1906,929688
333;1952696;1906,929688
334;1952696;1906,929688
334;1952696;1906,929688
334;1952696;1906,929688
334;1952696;1906,929688
334;1952696;1906,929688
339;1952696;1906,929688
339;1952696;1906,929688
339;1952696;1906,929688
340;1952696;1906,929688
340;1952696;1906,929688
353;1952696;1906,929688
353;1952696;1906,929688
353;1952696;1906,929688
353;1952696;1906,929688
353;1952696;1906,929688
353;1952696;1906,929688
354;1952696;1906,929688
354;1952696;1906,929688
356;1952696;1906,929688
356;1952696;1906,929688
358;1952696;1906,929688
358;1952696;1906,929688
358;1952696;1906,929688
358;1952696;1906,929688
358;1952696;1906,929688
362;1952696;1906,929688
362;1952696;1906,929688
363;1952696;1906,929688
363;1952696;1906,929688
369;1952696;1906,929688
369;1952696;1906,929688
369;1952696;1906,929688
369;1952696;1906,929688
369;1952696;1906,929688
369;1952696;1906,929688
376;1952696;1906,929688
376;1952696;1906,929688
376;1952696;1906,929688
376;1952696;1906,929688
376;1952696;1906,929688
376;1952696;1906,929688
380;1952696;1906,929688
380;1952696;1906,929688
381;1952696;1906,929688
383;1952696;1906,929688
383;1952696;1906,929688
383;1952696;1906,929688
384;1952696;1906,929688
384;1952696;1906,929688
384;1952696;1906,929688
386;1952696;1906,929688
386;1952696;1906,929688
386;1952696;1906,929688
386;1952696;1906,929688
387;1952696;1906,929688
387;1952696;1906,929688
387;1952696;1906,929688
389;1952696;1906,929688
398;1952696;1906,929688
398;1952696;1906,929688
400;1952696;1906,929688
400;1952696;1906,929688
400;1952696;1906,929688
400;1952696;1906,929688
401;1952696;1906,929688
401;1952696;1906,929688
401;1952696;1906,929688
403;1952696;1906,929688
403;1952696;1906,929688
409;1952696;1906,929688
409;1952696;1906,929688
409;1952696;1906,929688
409;1952696;1906,929688
409;1952696;1906,929688
409;1952696;1906,929688
428;1952696;1906,929688
436;1952696;1906,929688
444;1952696;1906,929688
11;1952700;1906,933594
70;1952704;1906,9375
102;1952708;1906,941406
169;1952708;1906,941406
383;1952708;1906,941406
33;1952724;1906,957031
131;1952724;1906,957031
306;1952724;1906,957031
26;1952748;1906,980469
53;1952748;1906,980469
68;1952748;1906,980469
81;1952748;1906,980469
81;1952748;1906,980469
87;1952748;1906,980469
87;1952748;1906,980469
92;1952748;1906,980469
109;1952748;1906,980469
110;1952748;1906,980469
178;1952748;1906,980469
243;1952748;1906,980469
243;1952748;1906,980469
287;1952748;1906,980469
339;1952748;1906,980469
175;1955224;1909,398438
77;1985452;1938,917969
26;1985460;1938,925781
122;1985464;1938,929688
328;1985476;1938,941406
149;1994120;1947,382813
35;1999312;1952,453125
44;1999312;1952,453125
66;1999312;1952,453125
176;1999312;1952,453125
21;1999324;1952,464844
252;1999324;1952,464844
4;2026888;1979,382813
4;2026888;1979,382813
8;2026888;1979,382813
30;2026888;1979,382813
37;2026888;1979,382813
60;2026888;1979,382813
61;2026888;1979,382813
62;2026888;1979,382813
66;2026888;1979,382813
69;2026888;1979,382813
70;2026888;1979,382813
78;2026888;1979,382813
78;2026888;1979,382813
88;2026888;1979,382813
95;2026888;1979,382813
107;2026888;1979,382813
108;2026888;1979,382813
108;2026888;1979,382813
112;2026888;1979,382813
123;2026888;1979,382813
127;2026888;1979,382813
133;2026888;1979,382813
133;2026888;1979,382813
133;2026888;1979,382813
133;2026888;1979,382813
133;2026888;1979,382813
147;2026888;1979,382813
147;2026888;1979,382813
151;2026888;1979,382813
156;2026888;1979,382813
172;2026888;1979,382813
172;2026888;1979,382813
176;2026888;1979,382813
177;2026888;1979,382813
179;2026888;1979,382813
183;2026888;1979,382813
185;2026888;1979,382813
185;2026888;1979,382813
185;2026888;1979,382813
186;2026888;1979,382813
188;2026888;1979,382813
188;2026888;1979,382813
188;2026888;1979,382813
190;2026888;1979,382813
190;2026888;1979,382813
190;2026888;1979,382813
191;2026888;1979,382813
191;2026888;1979,382813
194;2026888;1979,382813
194;2026888;1979,382813
195;2026888;1979,382813
196;2026888;1979,382813
199;2026888;1979,382813
199;2026888;1979,382813
234;2026888;1979,382813
236;2026888;1979,382813
236;2026888;1979,382813
237;2026888;1979,382813
239;2026888;1979,382813
239;2026888;1979,382813
239;2026888;1979,382813
241;2026888;1979,382813
241;2026888;1979,382813
241;2026888;1979,382813
241;2026888;1979,382813
241;2026888;1979,382813
241;2026888;1979,382813
244;2026888;1979,382813
244;2026888;1979,382813
244;2026888;1979,382813
245;2026888;1979,382813
250;2026888;1979,382813
250;2026888;1979,382813
250;2026888;1979,382813
250;2026888;1979,382813
250;2026888;1979,382813
250;2026888;1979,382813
251;2026888;1979,382813
252;2026888;1979,382813
267;2026888;1979,382813
267;2026888;1979,382813
271;2026888;1979,382813
273;2026888;1979,382813
280;2026888;1979,382813
280;2026888;1979,382813
288;2026888;1979,382813
288;2026888;1979,382813
197;2991020;2920,917969
26;3023800;2952,929688
29;3562268;3478,777344
73;3562312;3478,820313
73;3562312;3478,820313
234;3869076;3778,394531
96;3887060;3795,957031
66;3899488;3808,09375
385;3899656;3808,257813
102;3899700;3808,300781
119;3899736;3808,335938
322;3899740;3808,339844
39;3899788;3808,386719
453;3899788;3808,386719
293;3899792;3808,390625
174;3899796;3808,394531
185;3899800;3808,398438
146;3899804;3808,402344
402;3900148;3808,738281
137;3900716;3809,292969
256;3900724;3809,300781
95;3901780;3810,332031
345;3908524;3816,917969
145;3910552;3818,898438
157;3912232;3820,539063
431;3913332;3821,613281
576;3928632;3836,554688
113;3955680;3862,96875
167;3968936;3875,914063
234;3971656;3878,570313
328;3992156;3898,589844
37;3992160;3898,59375
110;3992160;3898,59375
553;3992176;3898,609375
322;3992184;3898,617188
338;3992184;3898,617188
10;3992188;3898,621094
437;3992188;3898,621094
51;3992196;3898,628906
102;3992196;3898,628906
136;3992196;3898,628906
193;3992196;3898,628906
285;3992196;3898,628906
6;3992200;3898,632813
87;3992200;3898,632813
135;3992200;3898,632813
168;3992200;3898,632813
234;3992200;3898,632813
288;3992200;3898,632813
437;3992200;3898,632813
575;3999844;3906,097656
82;4007660;3913,730469
366;4007748;3913,816406
417;4007908;3913,972656
4;4009928;3915,945313
485;4010496;3916,5
43;4010500;3916,503906
328;4010524;3916,527344
387;4010524;3916,527344
479;4010524;3916,527344
531;4010536;3916,539063
140;4010540;3916,542969
100;4012796;3918,746094
447;4015784;3921,664063
175;4015800;3921,679688
177;4015856;3921,734375
26;4015868;3921,746094
67;4015920;3921,796875
118;4015928;3921,804688
299;4015936;3921,8125
11;4015944;3921,820313
33;4015944;3921,820313
73;4015944;3921,820313
196;4015944;3921,820313
27;4015948;3921,824219
173;4015948;3921,824219
452;4015948;3921,824219
466;4015948;3921,824219
479;4015948;3921,824219
494;4015948;3921,824219
495;4015948;3921,824219
1;4015956;3921,832031
5;4015956;3921,832031
7;4015956;3921,832031
8;4015956;3921,832031
13;4015956;3921,832031
25;4015956;3921,832031
27;4015956;3921,832031
33;4015956;3921,832031
41;4015956;3921,832031
44;4015956;3921,832031
44;4015956;3921,832031
46;4015956;3922
53;4015956;3921,832031
66;4015956;3921,832031
69;4015956;3921,832031
69;4015956;3921,832031
72;4015956;3921,832031
73;4015956;3921,832031
82;4015956;3921,832031
82;4015956;3921,832031
108;4015956;3921,832031
118;4015956;3921,832031
137;4015956;3921,832031
139;4015956;3921,832031
148;4015956;3921,832031
151;4015956;3921,832031
170;4015956;3921,832031
171;4015956;3921,832031
186;4015956;3921,832031
234;4015956;3921,832031
266;4015956;3921,832031
377;4015956;3921,832031
377;4015956;3921,832031
377;4015956;3921,832031
377;4015956;3921,832031
377;4015956;3921,832031
408;4015956;3921,832031
408;4015956;3921,832031
408;4015956;3921,832031
408;4015956;3921,832031
408;4015956;3921,832031
408;4015956;3921,832031
408;4015956;3921,832031
408;4015956;3921,832031
439;4015956;3921,832031
452;4015956;3921,832031
452;4015956;3921,832031
452;4015956;3921,832031
452;4015956;3921,832031
452;4015956;3921,832031
452;4015956;3921,832031
452;4015956;3921,832031
466;4015956;3921,832031
466;4015956;3921,832031
466;4015956;3921,832031
466;4015956;3921,832031
466;4015956;3921,832031
466;4015956;3921,832031
466;4015956;3921,832031
479;4015956;3921,832031
479;4015956;3921,832031
479;4015956;3921,832031
479;4015956;3921,832031
479;4015956;3921,832031
479;4015956;3921,832031
479;4015956;3921,832031
485;4015956;3921,832031
485;4015956;3921,832031
485;4015956;3921,832031
485;4015956;3921,832031
485;4015956;3921,832031
485;4015956;3921,832031
485;4015956;3921,832031
485;4015956;3921,832031
488;4015956;3921,832031
488;4015956;3921,832031
488;4015956;3921,832031
488;4015956;3921,832031
488;4015956;3921,832031
488;4015956;3921,832031
488;4015956;3921,832031
488;4015956;3921,832031
488;4015956;3921,832031
490;4015956;3921,832031
490;4015956;3921,832031
490;4015956;3921,832031
490;4015956;3921,832031
494;4015956;3921,832031
494;4015956;3921,832031
494;4015956;3921,832031
494;4015956;3921,832031
494;4015956;3921,832031
494;4015956;3921,832031
494;4015956;3921,832031
495;4015956;3921,832031
495;4015956;3921,832031
495;4015956;3921,832031
495;4015956;3921,832031
495;4015956;3921,832031
495;4015956;3921,832031
500;4015956;3921,832031
500;4015956;3921,832031
500;4015956;3921,832031
500;4015956;3921,832031
500;4015956;3921,832031
500;4015956;3921,832031
501;4015956;3921,832031
501;4015956;3921,832031
501;4015956;3921,832031
501;4015956;3921,832031
501;4015956;3921,832031
501;4015956;3921,832031
501;4015956;3921,832031
501;4015956;3921,832031
505;4015956;3921,832031
505;4015956;3921,832031
505;4015956;3921,832031
5;4015960;3921,835938
175;4015960;3921,835938
377;4015960;3921,835938
494;4015960;3921,835938
500;4015960;3921,835938
110;4015968;3921,84375
2;4015988;3921,863281
96;4015992;3921,867188
62;4015996;3921,871094
269;4015996;3921,871094
96;4016000;3921,875
447;4016004;3921,878906
484;4016004;3921,878906
66;4016008;3921,882813
95;4016008;3921,882813
143;4016008;3921,882813
486;4016008;3921,882813
12;4016016;3921,890625
44;4016016;3921,890625
105;4016016;3921,890625
116;4016016;3921,890625
155;4016016;3921,890625
557;4016016;3921,890625
10;4016020;3921,894531
132;4016020;3921,894531
149;4016020;3921,894531
293;4016020;3921,894531
475;4016020;3921,894531
486;4016020;3921,894531
12;4016024;3921,898438
87;4016024;3921,898438
252;4016024;3921,898438
413;4016024;3921,898438
63;4016028;3921,902344
140;4016028;3921,902344
448;4016028;3921,902344
41;4016032;3921,90625
295;4016040;3921,914063
360;4016040;3921,914063
260;4016044;3921,917969
319;4016044;3921,917969
447;4016044;3921,917969
82;4016048;3921,921875
182;4016056;3921,929688
31;4016060;3921,933594
395;4016060;3921,933594
417;4016060;3921,933594
457;4016060;3921,933594
9;4016064;3921,9375
47;4016064;3921,9375
153;4016064;3921,9375
1;4016068;3921,941406
10;4016072;3921,945313
76;4016076;3921,949219
143;4016076;3921,949219
173;4016076;3921,949219
427;4016076;3921,949219
6;4016080;3921,953125
11;4016080;3921,953125
12;4016080;3921,953125
25;4016080;3921,953125
27;4016080;3921,953125
41;4016080;3921,953125
46;4016080;3922
50;4016080;3921,953125
58;4016080;3921,953125
63;4016080;3921,953125
77;4016080;3921,953125
83;4016080;3921,953125
100;4016080;3921,953125
105;4016080;3921,953125
111;4016080;3921,953125
116;4016080;3921,953125
117;4016080;3921,953125
119;4016080;3921,953125
126;4016080;3921,953125
126;4016080;3921,953125
137;4016080;3921,953125
139;4016080;3921,953125
174;4016080;3921,953125
234;4016080;3921,953125
260;4016080;3921,953125
267;4016080;3921,953125
427;4016080;3921,953125
427;4016080;3921,953125
427;4016080;3921,953125
427;4016080;3921,953125
430;4016080;3921,953125
442;4016080;3921,953125
447;4016080;3921,953125
447;4016080;3921,953125
450;4016080;3921,953125
450;4016080;3921,953125
453;4016080;3921,953125
455;4016080;3921,953125
463;4016080;3921,953125
470;4016080;3921,953125
475;4016080;3921,953125
478;4016080;3921,953125
483;4016080;3921,953125
490;4016080;3921,953125
52;4016084;3921,957031
125;4016084;3921,957031
386;4016084;3921,957031
416;4016084;3921,957031
442;4016084;3921,957031
447;4016084;3921,957031
468;4016084;3921,957031
470;4016084;3921,957031
470;4016084;3921,957031
470;4016084;3921,957031
481;4016084;3921,957031
486;4016084;3921,957031
486;4016084;3921,957031
10;4016088;3921,960938
13;4016088;3921,960938
95;4016088;3921,960938
116;4016088;3921,960938
117;4016088;3921,960938
123;4016088;3921,960938
243;4016088;3921,960938
427;4016088;3921,960938
427;4016088;3921,960938
442;4016088;3921,960938
442;4016088;3921,960938
467;4016088;3921,960938
468;4016088;3921,960938
470;4016088;3921,960938
494;4016088;3921,960938
31;4016092;3921,964844
42;4016092;3921,964844
56;4016092;3921,964844
81;4016092;3921,964844
85;4016092;3921,964844
93;4016092;3921,964844
133;4016092;3921,964844
198;4016092;3921,964844
457;4016092;3921,964844
483;4016092;3921,964844
486;4016092;3921,964844
13;4016096;3921,96875
21;4016096;3921,96875
27;4016096;3921,96875
35;4016096;3921,96875
39;4016096;3921,96875
40;4016096;3921,96875
56;4016096;3921,96875
60;4016096;3921,96875
63;4016096;3921,96875
63;4016096;3921,96875
72;4016096;3921,96875
78;4016096;3921,96875
82;4016096;3921,96875
98;4016096;3921,96875
103;4016096;3921,96875
105;4016096;3921,96875
106;4016096;3921,96875
111;4016096;3921,96875
111;4016096;3921,96875
118;4016096;3921,96875
130;4016096;3921,96875
130;4016096;3921,96875
132;4016096;3921,96875
135;4016096;3921,96875
135;4016096;3921,96875
138;4016096;3921,96875
141;4016096;3921,96875
145;4016096;3921,96875
156;4016096;3921,96875
180;4016096;3921,96875
182;4016096;3921,96875
186;4016096;3921,96875
193;4016096;3921,96875
195;4016096;3921,96875
245;4016096;3921,96875
249;4016096;3921,96875
300;4016096;3921,96875
301;4016096;3921,96875
318;4016096;3921,96875
326;4016096;3921,96875
373;4016096;3921,96875
402;4016096;3921,96875
427;4016096;3921,96875
427;4016096;3921,96875
442;4016096;3921,96875
442;4016096;3921,96875
442;4016096;3921,96875
448;4016096;3921,96875
457;4016096;3921,96875
458;4016096;3921,96875
467;4016096;3921,96875
468;4016096;3921,96875
468;4016096;3921,96875
468;4016096;3921,96875
470;4016096;3921,96875
470;4016096;3921,96875
472;4016096;3921,96875
472;4016096;3921,96875
474;4016096;3921,96875
475;4016096;3921,96875
475;4016096;3921,96875
475;4016096;3921,96875
475;4016096;3921,96875
475;4016096;3921,96875
481;4016096;3921,96875
481;4016096;3921,96875
481;4016096;3921,96875
483;4016096;3921,96875
483;4016096;3921,96875
484;4016096;3921,96875
486;4016096;3921,96875
495;4016096;3921,96875
583;4016096;3921,96875
3;4016100;3921,972656
3;4016100;3921,972656
4;4016100;3921,972656
10;4016100;3921,972656
12;4016100;3921,972656
18;4016100;3921,972656
27;4016100;3921,972656
31;4016100;3921,972656
35;4016100;3921,972656
37;4016100;3921,972656
38;4016100;3921,972656
39;4016100;3921,972656
39;4016100;3921,972656
46;4016100;3922
47;4016100;3921,972656
48;4016100;3921,972656
49;4016100;3921,972656
51;4016100;3921,972656
58;4016100;3921,972656
60;4016100;3921,972656
61;4016100;3921,972656
63;4016100;3921,972656
63;4016100;3921,972656
63;4016100;3921,972656
65;4016100;3921,972656
67;4016100;3921,972656
76;4016100;3921,972656
77;4016100;3921,972656
79;4016100;3921,972656
82;4016100;3921,972656
89;4016100;3921,972656
89;4016100;3921,972656
93;4016100;3921,972656
93;4016100;3921,972656
96;4016100;3921,972656
103;4016100;3921,972656
108;4016100;3921,972656
109;4016100;3921,972656
112;4016100;3921,972656
112;4016100;3921,972656
117;4016100;3921,972656
120;4016100;3921,972656
126;4016100;3921,972656
130;4016100;3921,972656
132;4016100;3921,972656
137;4016100;3921,972656
138;4016100;3921,972656
138;4016100;3921,972656
142;4016100;3921,972656
142;4016100;3921,972656
143;4016100;3921,972656
145;4016100;3921,972656
146;4016100;3921,972656
146;4016100;3921,972656
155;4016100;3921,972656
155;4016100;3921,972656
157;4016100;3921,972656
158;4016100;3921,972656
159;4016100;3921,972656
162;4016100;3921,972656
170;4016100;3921,972656
171;4016100;3921,972656
171;4016100;3921,972656
175;4016100;3921,972656
175;4016100;3921,972656
177;4016100;3921,972656
178;4016100;3921,972656
178;4016100;3921,972656
179;4016100;3921,972656
179;4016100;3921,972656
179;4016100;3921,972656
189;4016100;3921,972656
190;4016100;3921,972656
195;4016100;3921,972656
196;4016100;3921,972656
197;4016100;3921,972656
198;4016100;3921,972656
198;4016100;3921,972656
231;4016100;3921,972656
244;4016100;3921,972656
244;4016100;3921,972656
250;4016100;3921,972656
256;4016100;3921,972656
256;4016100;3921,972656
258;4016100;3921,972656
269;4016100;3921,972656
278;4016100;3921,972656
291;4016100;3921,972656
299;4016100;3921,972656
339;4016100;3921,972656
340;4016100;3921,972656
360;4016100;3921,972656
360;4016100;3921,972656
360;4016100;3921,972656
373;4016100;3921,972656
373;4016100;3921,972656
373;4016100;3921,972656
388;4016100;3921,972656
402;4016100;3921,972656
402;4016100;3921,972656
402;4016100;3921,972656
402;4016100;3921,972656
402;4016100;3921,972656
404;4016100;3921,972656
404;4016100;3921,972656
416;4016100;3921,972656
416;4016100;3921,972656
416;4016100;3921,972656
416;4016100;3921,972656
416;4016100;3921,972656
416;4016100;3921,972656
416;4016100;3921,972656
417;4016100;3921,972656
427;4016100;3921,972656
430;4016100;3921,972656
443;4016100;3921,972656
447;4016100;3921,972656
447;4016100;3921,972656
447;4016100;3921,972656
447;4016100;3921,972656
448;4016100;3921,972656
448;4016100;3921,972656
448;4016100;3921,972656
448;4016100;3921,972656
448;4016100;3921,972656
450;4016100;3921,972656
450;4016100;3921,972656
450;4016100;3921,972656
450;4016100;3921,972656
450;4016100;3921,972656
450;4016100;3921,972656
450;4016100;3921,972656
450;4016100;3921,972656
453;4016100;3921,972656
453;4016100;3921,972656
453;4016100;3921,972656
455;4016100;3921,972656
455;4016100;3921,972656
455;4016100;3921,972656
455;4016100;3921,972656
457;4016100;3921,972656
457;4016100;3921,972656
457;4016100;3921,972656
458;4016100;3921,972656
467;4016100;3921,972656
467;4016100;3921,972656
467;4016100;3921,972656
467;4016100;3921,972656
467;4016100;3921,972656
468;4016100;3921,972656
470;4016100;3921,972656
470;4016100;3921,972656
472;4016100;3921,972656
472;4016100;3921,972656
472;4016100;3921,972656
473;4016100;3921,972656
473;4016100;3921,972656
474;4016100;3921,972656
474;4016100;3921,972656
474;4016100;3921,972656
476;4016100;3921,972656
476;4016100;3921,972656
481;4016100;3921,972656
481;4016100;3921,972656
481;4016100;3921,972656
483;4016100;3921,972656
483;4016100;3921,972656
484;4016100;3921,972656
484;4016100;3921,972656
486;4016100;3921,972656
486;4016100;3921,972656
486;4016100;3921,972656
486;4016100;3921,972656
486;4016100;3921,972656
1;4016104;3921,976563
3;4016104;3921,976563
7;4016104;3921,976563
8;4016104;3921,976563
10;4016104;3921,976563
10;4016104;3921,976563
12;4016104;3921,976563
12;4016104;3921,976563
26;4016104;3921,976563
28;4016104;3921,976563
30;4016104;3921,976563
30;4016104;3921,976563
32;4016104;3921,976563
32;4016104;3921,976563
32;4016104;3921,976563
33;4016104;3921,976563
33;4016104;3921,976563
35;4016104;3921,976563
35;4016104;3921,976563
36;4016104;3921,976563
36;4016104;3921,976563
38;4016104;3921,976563
39;4016104;3921,976563
41;4016104;3921,976563
42;4016104;3921,976563
44;4016104;3921,976563
46;4016104;3922
48;4016104;3921,976563
49;4016104;3921,976563
49;4016104;3921,976563
51;4016104;3921,976563
53;4016104;3921,976563
56;4016104;3921,976563
60;4016104;3921,976563
60;4016104;3921,976563
63;4016104;3921,976563
72;4016104;3921,976563
76;4016104;3921,976563
77;4016104;3921,976563
78;4016104;3921,976563
82;4016104;3921,976563
87;4016104;3921,976563
87;4016104;3921,976563
88;4016104;3921,976563
88;4016104;3921,976563
93;4016104;3921,976563
93;4016104;3921,976563
96;4016104;3921,976563
101;4016104;3921,976563
101;4016104;3921,976563
102;4016104;3921,976563
106;4016104;3921,976563
106;4016104;3921,976563
110;4016104;3921,976563
110;4016104;3921,976563
115;4016104;3921,976563
115;4016104;3921,976563
116;4016104;3921,976563
117;4016104;3921,976563
117;4016104;3921,976563
119;4016104;3921,976563
119;4016104;3921,976563
126;4016104;3921,976563
130;4016104;3921,976563
132;4016104;3921,976563
133;4016104;3921,976563
133;4016104;3921,976563
138;4016104;3921,976563
138;4016104;3921,976563
139;4016104;3921,976563
140;4016104;3921,976563
140;4016104;3921,976563
145;4016104;3921,976563
145;4016104;3921,976563
145;4016104;3921,976563
145;4016104;3921,976563
146;4016104;3921,976563
150;4016104;3921,976563
153;4016104;3921,976563
155;4016104;3921,976563
155;4016104;3921,976563
159;4016104;3921,976563
167;4016104;3921,976563
168;4016104;3921,976563
168;4016104;3921,976563
169;4016104;3921,976563
170;4016104;3921,976563
173;4016104;3921,976563
173;4016104;3921,976563
175;4016104;3921,976563
177;4016104;3921,976563
180;4016104;3921,976563
180;4016104;3921,976563
196;4016104;3921,976563
231;4016104;3921,976563
231;4016104;3921,976563
234;4016104;3921,976563
234;4016104;3921,976563
249;4016104;3921,976563
252;4016104;3921,976563
258;4016104;3921,976563
260;4016104;3921,976563
262;4016104;3921,976563
267;4016104;3921,976563
278;4016104;3921,976563
286;4016104;3921,976563
315;4016104;3921,976563
316;4016104;3921,976563
326;4016104;3921,976563
342;4016104;3921,976563
360;4016104;3921,976563
360;4016104;3921,976563
360;4016104;3921,976563
373;4016104;3921,976563
374;4016104;3921,976563
377;4016104;3921,976563
384;4016104;3921,976563
402;4016104;3921,976563
402;4016104;3921,976563
402;4016104;3921,976563
404;4016104;3921,976563
404;4016104;3921,976563
404;4016104;3921,976563
404;4016104;3921,976563
404;4016104;3921,976563
404;4016104;3921,976563
405;4016104;3921,976563
409;4016104;3921,976563
417;4016104;3921,976563
417;4016104;3921,976563
417;4016104;3921,976563
417;4016104;3921,976563
430;4016104;3921,976563
430;4016104;3921,976563
430;4016104;3921,976563
430;4016104;3921,976563
430;4016104;3921,976563
430;4016104;3921,976563
448;4016104;3921,976563
448;4016104;3921,976563
453;4016104;3921,976563
453;4016104;3921,976563
453;4016104;3921,976563
453;4016104;3921,976563
453;4016104;3921,976563
453;4016104;3921,976563
455;4016104;3921,976563
455;4016104;3921,976563
457;4016104;3921,976563
458;4016104;3921,976563
458;4016104;3921,976563
458;4016104;3921,976563
458;4016104;3921,976563
458;4016104;3921,976563
458;4016104;3921,976563
463;4016104;3921,976563
463;4016104;3921,976563
463;4016104;3921,976563
463;4016104;3921,976563
463;4016104;3921,976563
472;4016104;3921,976563
472;4016104;3921,976563
472;4016104;3921,976563
472;4016104;3921,976563
473;4016104;3921,976563
473;4016104;3921,976563
474;4016104;3921,976563
474;4016104;3921,976563
474;4016104;3921,976563
474;4016104;3921,976563
475;4016104;3921,976563
476;4016104;3921,976563
476;4016104;3921,976563
476;4016104;3921,976563
476;4016104;3921,976563
476;4016104;3921,976563
478;4016104;3921,976563
478;4016104;3921,976563
478;4016104;3921,976563
478;4016104;3921,976563
482;4016104;3921,976563
482;4016104;3921,976563
482;4016104;3921,976563
482;4016104;3921,976563
482;4016104;3921,976563
482;4016104;3921,976563
482;4016104;3921,976563
482;4016104;3921,976563
484;4016104;3921,976563
484;4016104;3921,976563
484;4016104;3921,976563
495;4016104;3921,976563
26;4016108;3921,980469
31;4016108;3921,980469
266;4016108;3921,980469
340;4016108;3921,980469
395;4016108;3921,980469
402;4016108;3921,980469
449;4016108;3921,980469
417;4017912;3923,742188
62;4022096;3927,828125
510;4022128;3927,859375
41;4022148;3927,878906
58;4022148;3927,878906
105;4022148;3927,878906
119;4022148;3927,878906
120;4022148;3927,878906
313;4022148;3927,878906
146;4022220;3927,949219
180;4022236;3927,964844
169;4022240;3927,96875
362;4022240;3927,96875
474;4022240;3927,96875
13;4022248;3927,976563
89;4022248;3927,976563
193;4022248;3927,976563
258;4022248;3927,976563
2;4022252;3927,980469
13;4022252;3927,980469
13;4022252;3927,980469
47;4022252;3927,980469
89;4022252;3927,980469
105;4022252;3927,980469
120;4022252;3927,980469
126;4022252;3927,980469
131;4022252;3927,980469
137;4022252;3927,980469
141;4022252;3927,980469
155;4022252;3927,980469
196;4022252;3927,980469
234;4022252;3927,980469
360;4022252;3927,980469
472;4022252;3927,980469
501;4022252;3927,980469
6;4022256;3927,984375
7;4022256;3927,984375
13;4022256;3927,984375
25;4022256;3927,984375
37;4022256;3927,984375
42;4022256;3927,984375
43;4022256;3927,984375
46;4022256;3928
47;4022256;3927,984375
48;4022256;3927,984375
53;4022256;3927,984375
55;4022256;3927,984375
56;4022256;3927,984375
61;4022256;3927,984375
69;4022256;3927,984375
79;4022256;3927,984375
89;4022256;3927,984375
89;4022256;3927,984375
95;4022256;3927,984375
102;4022256;3927,984375
102;4022256;3927,984375
112;4022256;3927,984375
113;4022256;3927,984375
120;4022256;3927,984375
123;4022256;3927,984375
126;4022256;3927,984375
131;4022256;3927,984375
138;4022256;3927,984375
141;4022256;3927,984375
150;4022256;3927,984375
151;4022256;3927,984375
153;4022256;3927,984375
157;4022256;3927,984375
175;4022256;3927,984375
198;4022256;3927,984375
234;4022256;3927,984375
234;4022256;3927,984375
245;4022256;3927,984375
270;4022256;3927,984375
270;4022256;3927,984375
287;4022256;3927,984375
292;4022256;3927,984375
293;4022256;3927,984375
316;4022256;3927,984375
323;4022256;3927,984375
323;4022256;3927,984375
333;4022256;3927,984375
354;4022256;3927,984375
354;4022256;3927,984375
356;4022256;3927,984375
362;4022256;3927,984375
363;4022256;3927,984375
366;4022256;3927,984375
474;4022256;3927,984375
479;4022256;3927,984375
490;4022256;3927,984375
494;4022256;3927,984375
500;4022256;3927,984375
500;4022256;3927,984375
533;4022256;3927,984375
72;4022260;3927,988281
118;4022260;3927,988281
249;4022808;3928,523438
256;4022976;3928,6875
433;4022976;3928,6875
377;4023104;3928,8125
50;4023136;3928,84375
110;4023136;3928,84375
51;4023240;3928,945313
156;4023240;3928,945313
187;4023240;3928,945313
279;4023240;3928,945313
59;4024108;3929,792969
169;4027300;3932,910156
166;4027316;3932,925781
437;4027320;3932,929688
117;4027380;3932,988281
249;4027388;3932,996094
121;4027392;3933
3;4029320;3934,882813
40;4029320;3934,882813
61;4029320;3934,882813
42;4029344;3934,90625
6;4031904;3937,40625
12;4031904;3937,40625
110;4031904;3937,40625
128;4031904;3937,40625
161;4031904;3937,40625
313;4031904;3937,40625
321;4031904;3937,40625
330;4031904;3937,40625
345;4031904;3937,40625
351;4031904;3937,40625
361;4031904;3937,40625
366;4031904;3937,40625
371;4031904;3937,40625
371;4031904;3937,40625
374;4031904;3937,40625
374;4031904;3937,40625
385;4031904;3937,40625
395;4031904;3937,40625
396;4031904;3937,40625
403;4031904;3937,40625
405;4031904;3937,40625
405;4031904;3937,40625
426;4031904;3937,40625
426;4031904;3937,40625
431;4031904;3937,40625
431;4031904;3937,40625
433;4031904;3937,40625
433;4031904;3937,40625
434;4031904;3937,40625
438;4031904;3937,40625
438;4031904;3937,40625
438;4031904;3937,40625
441;4031904;3937,40625
441;4031904;3937,40625
443;4031904;3937,40625
443;4031904;3937,40625
443;4031904;3937,40625
444;4031904;3937,40625
444;4031904;3937,40625
449;4031904;3937,40625
451;4031904;3937,40625
451;4031904;3937,40625
405;4031908;3937,410156
426;4031908;3937,410156
451;4031908;3937,410156
444;4031968;3937,46875
43;4031976;3937,476563
66;4031976;3937,476563
123;4031976;3937,476563
128;4031976;3937,476563
138;4031976;3937,476563
142;4031976;3937,476563
158;4031976;3937,476563
161;4031976;3937,476563
245;4031976;3937,476563
366;4031976;3937,476563
68;4031984;3937,484375
249;4031984;3937,484375
249;4031984;3937,484375
249;4031984;3937,484375
286;4031988;3937,488281
437;4032428;3937,917969
443;4032428;3937,917969
439;4032432;3937,921875
4;4032436;3937,925781
13;4032436;3937,925781
43;4032436;3937,925781
103;4032436;3937,925781
141;4032436;3937,925781
361;4032436;3937,925781
405;4032436;3937,925781
426;4032436;3937,925781
438;4032436;3937,925781
438;4032436;3937,925781
451;4032436;3937,925781
169;4032440;3937,929688
266;4032440;3937,929688
291;4032440;3937,929688
437;4032440;3937,929688
437;4032440;3937,929688
451;4032440;3937,929688
451;4032440;3937,929688
451;4032440;3937,929688
100;4032496;3937,984375
287;4032508;3937,996094
366;4032508;3937,996094
166;4032512;3938
249;4032552;3938,039063
101;4033932;3939,386719
37;4034292;3939,738281
1;4034472;3939,914063
1;4034472;3939,914063
1;4034472;3939,914063
2;4034472;3939,914063
4;4034472;3939,914063
10;4034472;3939,914063
11;4034472;3939,914063
12;4034472;3939,914063
18;4034472;3939,914063
25;4034472;3939,914063
25;4034472;3939,914063
25;4034472;3939,914063
28;4034472;3939,914063
28;4034472;3939,914063
30;4034472;3939,914063
36;4034472;3939,914063
36;4034472;3939,914063
36;4034472;3939,914063
36;4034472;3939,914063
37;4034472;3939,914063
38;4034472;3939,914063
43;4034472;3939,914063
45;4034472;3939,914063
45;4034472;3939,914063
48;4034472;3939,914063
48;4034472;3939,914063
50;4034472;3939,914063
52;4034472;3939,914063
53;4034472;3939,914063
53;4034472;3939,914063
55;4034472;3939,914063
55;4034472;3939,914063
56;4034472;3939,914063
57;4034472;3939,914063
58;4034472;3939,914063
58;4034472;3939,914063
59;4034472;3939,914063
62;4034472;3939,914063
66;4034472;3939,914063
66;4034472;3939,914063
70;4034472;3939,914063
84;4034472;3939,914063
86;4034472;3939,914063
86;4034472;3939,914063
88;4034472;3939,914063
91;4034472;3939,914063
92;4034472;3939,914063
92;4034472;3939,914063
93;4034472;3939,914063
93;4034472;3939,914063
96;4034472;3939,914063
96;4034472;3939,914063
102;4034472;3939,914063
107;4034472;3939,914063
107;4034472;3939,914063
111;4034472;3939,914063
111;4034472;3939,914063
112;4034472;3939,914063
112;4034472;3939,914063
115;4034472;3939,914063
120;4034472;3939,914063
120;4034472;3939,914063
120;4034472;3939,914063
127;4034472;3939,914063
128;4034472;3939,914063
130;4034472;3939,914063
135;4034472;3939,914063
135;4034472;3939,914063
136;4034472;3939,914063
136;4034472;3939,914063
136;4034472;3939,914063
139;4034472;3939,914063
140;4034472;3939,914063
147;4034472;3939,914063
149;4034472;3939,914063
150;4034472;3939,914063
151;4034472;3939,914063
151;4034472;3939,914063
155;4034472;3939,914063
156;4034472;3939,914063
158;4034472;3939,914063
163;4034472;3939,914063
163;4034472;3939,914063
163;4034472;3939,914063
169;4034472;3939,914063
170;4034472;3939,914063
174;4034472;3939,914063
176;4034472;3939,914063
177;4034472;3939,914063
178;4034472;3939,914063
178;4034472;3939,914063
187;4034472;3939,914063
187;4034472;3939,914063
195;4034472;3939,914063
196;4034472;3939,914063
196;4034472;3939,914063
197;4034472;3939,914063
199;4034472;3939,914063
236;4034472;3939,914063
241;4034472;3939,914063
245;4034472;3939,914063
271;4034472;3939,914063
279;4034472;3939,914063
283;4034472;3939,914063
285;4034472;3939,914063
290;4034472;3939,914063
329;4034472;3939,914063
342;4034472;3939,914063
342;4034472;3939,914063
342;4034472;3939,914063
342;4034472;3939,914063
342;4034472;3939,914063
342;4034472;3939,914063
345;4034472;3939,914063
356;4034472;3939,914063
356;4034472;3939,914063
369;4034472;3939,914063
382;4034472;3939,914063
383;4034472;3939,914063
388;4034472;3939,914063
388;4034472;3939,914063
388;4034472;3939,914063
388;4034472;3939,914063
388;4034472;3939,914063
389;4034472;3939,914063
390;4034472;3939,914063
390;4034472;3939,914063
428;4034472;3939,914063
428;4034472;3939,914063
436;4034472;3939,914063
436;4034472;3939,914063
436;4034472;3939,914063
436;4034472;3939,914063
1;4034476;3939,917969
57;4034476;3939,917969
106;4034476;3939,917969
109;4034476;3939,917969
149;4034476;3939,917969
153;4034476;3939,917969
166;4034476;3939,917969
278;4034476;3939,917969
283;4034476;3939,917969
288;4034476;3939,917969
53;4034488;3939,929688
84;4034488;3939,929688
86;4034488;3939,929688
100;4034488;3939,929688
106;4034488;3939,929688
174;4034488;3939,929688
258;4034488;3939,929688
282;4034488;3939,929688
313;4034488;3939,929688
319;4034488;3939,929688
12;4034540;3939,980469
153;4034540;3939,980469
362;4036560;3941,953125
342;4036584;3941,976563
73;4036704;3942,09375
307;4036776;3942,164063
484;4036776;3942,164063
48;4036796;3942,183594
440;4036868;3942,253906
9;4036880;3942,265625
174;4036932;3942,316406
168;4036944;3942,328125
1;4036952;3942,335938
46;4037020;3942
321;4037020;3942,402344
321;4037020;3942,402344
321;4037020;3942,402344
361;4037020;3942,402344
371;4037020;3942,402344
433;4037020;3942,402344
433;4037020;3942,402344
441;4037020;3942,402344
444;4037020;3942,402344
1;4037024;3942,40625
27;4037024;3942,40625
44;4037024;3942,40625
48;4037024;3942,40625
65;4037024;3942,40625
67;4037024;3942,40625
79;4037024;3942,40625
85;4037024;3942,40625
101;4037024;3942,40625
147;4037024;3942,40625
161;4037024;3942,40625
166;4037024;3942,40625
167;4037024;3942,40625
170;4037024;3942,40625
171;4037024;3942,40625
235;4037024;3942,40625
245;4037024;3942,40625
260;4037024;3942,40625
287;4037024;3942,40625
291;4037024;3942,40625
291;4037024;3942,40625
291;4037024;3942,40625
291;4037024;3942,40625
291;4037024;3942,40625
317;4037024;3942,40625
321;4037024;3942,40625
321;4037024;3942,40625
321;4037024;3942,40625
321;4037024;3942,40625
345;4037024;3942,40625
345;4037024;3942,40625
345;4037024;3942,40625
345;4037024;3942,40625
351;4037024;3942,40625
351;4037024;3942,40625
351;4037024;3942,40625
351;4037024;3942,40625
351;4037024;3942,40625
351;4037024;3942,40625
361;4037024;3942,40625
361;4037024;3942,40625
361;4037024;3942,40625
366;4037024;3942,40625
366;4037024;3942,40625
366;4037024;3942,40625
371;4037024;3942,40625
371;4037024;3942,40625
371;4037024;3942,40625
371;4037024;3942,40625
371;4037024;3942,40625
374;4037024;3942,40625
374;4037024;3942,40625
374;4037024;3942,40625
374;4037024;3942,40625
385;4037024;3942,40625
385;4037024;3942,40625
385;4037024;3942,40625
385;4037024;3942,40625
395;4037024;3942,40625
395;4037024;3942,40625
395;4037024;3942,40625
396;4037024;3942,40625
396;4037024;3942,40625
396;4037024;3942,40625
396;4037024;3942,40625
396;4037024;3942,40625
405;4037024;3942,40625
405;4037024;3942,40625
405;4037024;3942,40625
405;4037024;3942,40625
426;4037024;3942,40625
426;4037024;3942,40625
426;4037024;3942,40625
431;4037024;3942,40625
431;4037024;3942,40625
431;4037024;3942,40625
432;4037024;3942,40625
432;4037024;3942,40625
432;4037024;3942,40625
432;4037024;3942,40625
433;4037024;3942,40625
433;4037024;3942,40625
433;4037024;3942,40625
433;4037024;3942,40625
434;4037024;3942,40625
434;4037024;3942,40625
434;4037024;3942,40625
437;4037024;3942,40625
438;4037024;3942,40625
438;4037024;3942,40625
438;4037024;3942,40625
439;4037024;3942,40625
439;4037024;3942,40625
439;4037024;3942,40625
440;4037024;3942,40625
440;4037024;3942,40625
440;4037024;3942,40625
440;4037024;3942,40625
440;4037024;3942,40625
441;4037024;3942,40625
441;4037024;3942,40625
441;4037024;3942,40625
443;4037024;3942,40625
444;4037024;3942,40625
444;4037024;3942,40625
449;4037024;3942,40625
451;4037024;3942,40625
451;4037024;3942,40625
451;4037024;3942,40625
48;4037092;3942,472656
9;4037096;3942,476563
52;4037096;3942,476563
66;4037096;3942,476563
97;4037096;3942,476563
110;4037096;3942,476563
128;4037096;3942,476563
137;4037096;3942,476563
155;4037096;3942,476563
172;4037096;3942,476563
191;4037096;3942,476563
200;4037096;3942,476563
245;4037096;3942,476563
259;4037096;3942,476563
267;4037096;3942,476563
281;4037096;3942,476563
300;4037096;3942,476563
300;4037096;3942,476563
315;4037096;3942,476563
395;4037096;3942,476563
93;4048712;3953,820313
27;4048868;3953,972656
195;4051944;3956,976563
340;4051944;3956,976563
354;4051944;3956,976563
525;4051944;3956,976563
555;4051944;3956,976563
173;4051948;3956,980469
259;4067240;3971,914063
9;4103560;4007,382813
83;4103560;4007,382813
90;4103560;4007,382813
68;4124040;4027,382813
50;5067656;4948,882813
197;6111144;5967,914063
390;6111144;5967,914063
109;7869240;7684,804688
571;7965332;7778,644531
123;7965336;7778,648438
199;7965336;7778,648438
543;7965336;7778,648438
555;7965336;7778,648438
555;7965336;7778,648438
567;7965336;7778,648438
567;7965336;7778,648438
135;7965340;7778,652344
188;7965340;7778,652344
301;7965340;7778,652344
543;7965340;7778,652344
543;7965340;7778,652344
555;7965340;7778,652344
567;7965340;7778,652344
567;7965340;7778,652344
13;7965344;7778,65625
21;7965344;7778,65625
105;7965344;7778,65625
322;7965344;7778,65625
358;7965344;7778,65625
543;7965344;7778,65625
543;7965344;7778,65625
543;7965344;7778,65625
555;7965344;7778,65625
561;7965344;7778,65625
561;7965344;7778,65625
561;7965344;7778,65625
567;7965344;7778,65625
571;7965344;7778,65625
571;7965344;7778,65625
567;7965348;7778,660156
382;7965708;7779,011719
13;7965712;7779,015625
543;7965904;7779,203125
306;7983100;7795,996094
340;7984124;7796,996094
9;7997132;7809,699219
50;7997132;7809,699219
167;7997132;7809,699219
243;7997164;7809,730469
250;7997164;7809,730469
105;7997168;7809,734375
123;7997172;7809,738281
269;7997172;7809,738281
289;7997172;7809,738281
301;7997172;7809,738281
322;7997172;7809,738281
333;7997172;7809,738281
552;7997172;7809,738281
159;7997232;7809,796875
288;7997232;7809,796875
298;7997232;7809,796875
539;7997232;7809,796875
542;7997232;7809,796875
542;7997232;7809,796875
56;7997236;7809,800781
127;7997236;7809,800781
230;7997236;7809,800781
544;7997236;7809,800781
544;7997236;7809,800781
555;7997236;7809,800781
573;7997236;7809,800781
576;7997236;7809,800781
576;7997236;7809,800781
11;7997240;7809,804688
22;7997240;7809,804688
27;7997240;7809,804688
27;7997240;7809,804688
43;7997240;7809,804688
47;7997240;7809,804688
50;7997240;7809,804688
56;7997240;7809,804688
58;7997240;7809,804688
69;7997240;7809,804688
77;7997240;7809,804688
81;7997240;7809,804688
81;7997240;7809,804688
92;7997240;7809,804688
105;7997240;7809,804688
111;7997240;7809,804688
112;7997240;7809,804688
113;7997240;7809,804688
119;7997240;7809,804688
123;7997240;7809,804688
128;7997240;7809,804688
133;7997240;7809,804688
136;7997240;7809,804688
138;7997240;7809,804688
162;7997240;7809,804688
166;7997240;7809,804688
182;7997240;7809,804688
186;7997240;7809,804688
196;7997240;7809,804688
197;7997240;7809,804688
198;7997240;7809,804688
200;7997240;7809,804688
200;7997240;7809,804688
200;7997240;7809,804688
259;7997240;7809,804688
269;7997240;7809,804688
275;7997240;7809,804688
275;7997240;7809,804688
288;7997240;7809,804688
298;7997240;7809,804688
322;7997240;7809,804688
327;7997240;7809,804688
366;7997240;7809,804688
383;7997240;7809,804688
384;7997240;7809,804688
387;7997240;7809,804688
395;7997240;7809,804688
400;7997240;7809,804688
441;7997240;7809,804688
449;7997240;7809,804688
475;7997240;7809,804688
511;7997240;7809,804688
531;7997240;7809,804688
538;7997240;7809,804688
542;7997240;7809,804688
542;7997240;7809,804688
542;7997240;7809,804688
544;7997240;7809,804688
552;7997240;7809,804688
553;7997240;7809,804688
553;7997240;7809,804688
553;7997240;7809,804688
553;7997240;7809,804688
553;7997240;7809,804688
557;7997240;7809,804688
557;7997240;7809,804688
575;7997240;7809,804688
576;7997240;7809,804688
576;7997240;7809,804688
576;7997240;7809,804688
583;7997240;7809,804688
40;7997244;7809,808594
49;7997244;7809,808594
55;7997244;7809,808594
91;7997244;7809,808594
95;7997244;7809,808594
95;7997244;7809,808594
95;7997244;7809,808594
107;7997244;7809,808594
125;7997244;7809,808594
156;7997244;7809,808594
230;7997244;7809,808594
237;7997244;7809,808594
257;7997244;7809,808594
338;7997244;7809,808594
338;7997244;7809,808594
432;7997244;7809,808594
513;7997244;7809,808594
544;7997244;7809,808594
544;7997244;7809,808594
547;7997244;7809,808594
547;7997244;7809,808594
552;7997244;7809,808594
552;7997244;7809,808594
552;7997244;7809,808594
557;7997244;7809,808594
557;7997244;7809,808594
573;7997244;7809,808594
573;7997244;7809,808594
573;7997244;7809,808594
573;7997244;7809,808594
573;7997244;7809,808594
575;7997244;7809,808594
575;7997244;7809,808594
575;7997244;7809,808594
583;7997244;7809,808594
583;7997244;7809,808594
583;7997244;7809,808594
557;7997248;7809,8125
568;7997248;7809,8125
33;7997256;7809,820313
44;7997256;7809,820313
58;7997256;7809,820313
154;7997256;7809,820313
200;7997256;7809,820313
266;7997256;7809,820313
299;7997256;7809,820313
322;7997256;7809,820313
498;7997256;7809,820313
537;7997256;7809,820313
230;7997756;7810,308594
358;7997908;7810,457031
440;7997908;7810,457031
49;7997916;7810,464844
81;7997916;7810,464844
105;7997916;7810,464844
107;7997916;7810,464844
107;7997916;7810,464844
142;7997916;7810,464844
153;7997916;7810,464844
275;7997916;7810,464844
275;7997916;7810,464844
290;7997916;7810,464844
409;7997916;7810,464844
547;7997916;7810,464844
553;7997916;7810,464844
557;7997916;7810,464844
583;7997916;7810,464844
279;7997924;7810,472656
381;7997924;7810,472656
66;7997932;7810,480469
105;7997932;7810,480469
107;7997932;7810,480469
109;7997932;7810,480469
257;7997932;7810,480469
278;8000312;7812,804688
542;8006420;7818,769531
533;8006424;7818,773438
60;8006428;7818,777344
66;8006428;7818,777344
115;8006496;7818,84375
491;8006512;7818,859375
413;8006572;7818,917969
308;8015868;7827,996094
527;8023448;7835,398438
510;8024332;7836,261719
182;8024412;7836,339844
131;8050476;7861,792969
230;8050480;7861,796875
30;8050484;7861,800781
38;8050484;7861,800781
43;8050484;7861,800781
568;8050484;7861,800781
547;8050488;7861,804688
568;8050488;7861,804688
568;8050488;7861,804688
230;8050492;7861,808594
162;8050500;7861,816406
168;8050500;7861,816406
266;8050500;7861,816406
568;8050552;7861,867188
568;8050556;7861,871094
568;8050556;7861,871094
535;8052224;7863,5
511;8152784;7961,703125
515;8152860;7961,777344
177;8152916;7961,832031
286;8152964;7961,878906
119;8152988;7961,902344
538;8153044;7961,957031
118;8153060;7961,972656
138;8153060;7961,972656
132;8153064;7961,976563
451;8153068;7961,980469
515;8153068;7961,980469
531;8153068;7961,980469
538;8153068;7961,980469
249;8153076;7961,988281
395;8153084;7961,996094
498;8153084;7961,996094
523;8153088;7962
548;8153096;7962,007813
129;8153100;7962,011719
236;8153100;7962,011719
521;8153100;7962,011719
538;8153100;7962,011719
269;8153104;7962,015625
393;8153104;7962,015625
434;8153104;7962,015625
198;8153108;7962,019531
432;8153108;7962,019531
63;8153120;7962,03125
231;8153120;7962,03125
236;8153120;7962,03125
271;8153120;7962,03125
576;8153120;7962,03125
30;8153124;7962,035156
515;8153124;7962,035156
32;8153128;7962,039063
96;8153128;7962,039063
187;8153128;7962,039063
395;8153128;7962,039063
487;8153128;7962,039063
531;8153128;7962,039063
40;8153132;7962,042969
30;8153136;7962,046875
35;8153136;7962,046875
46;8153136;7962
118;8153140;7962,050781
173;8153140;7962,050781
338;8153140;7962,050781
177;8153144;7962,054688
185;8153144;7962,054688
484;8153144;7962,054688
491;8153144;7962,054688
515;8153144;7962,054688
521;8153144;7962,054688
553;8153144;7962,054688
259;8153148;7962,058594
356;8153148;7962,058594
521;8153148;7962,058594
118;8153156;7962,066406
186;8153156;7962,066406
523;8153156;7962,066406
532;8153156;7962,066406
548;8153156;7962,066406
76;8153160;7962,070313
106;8153160;7962,070313
140;8153160;7962,070313
439;8153160;7962,070313
31;8153164;7962,074219
39;8153164;7962,074219
81;8153164;7962,074219
511;8153164;7962,074219
523;8153164;7962,074219
449;8153168;7962,078125
78;8153176;7962,085938
81;8153176;7962,085938
115;8153180;7962,089844
151;8153180;7962,089844
291;8153180;7962,089844
27;8153188;7962,097656
195;8153188;7962,097656
498;8153196;7962,105469
511;8153228;7962,136719
12;8153236;7962,144531
30;8153236;7962,144531
76;8153236;7962,144531
118;8153236;7962,144531
123;8153236;7962,144531
129;8153236;7962,144531
147;8153236;7962,144531
231;8153236;7962,144531
231;8153236;7962,144531
271;8153236;7962,144531
273;8153236;7962,144531
291;8153236;7962,144531
291;8153236;7962,144531
393;8153236;7962,144531
393;8153236;7962,144531
393;8153236;7962,144531
393;8153236;7962,144531
401;8153236;7962,144531
413;8153236;7962,144531
413;8153236;7962,144531
439;8153236;7962,144531
487;8153236;7962,144531
487;8153236;7962,144531
487;8153236;7962,144531
487;8153236;7962,144531
491;8153236;7962,144531
491;8153236;7962,144531
498;8153236;7962,144531
506;8153236;7962,144531
506;8153236;7962,144531
506;8153236;7962,144531
511;8153236;7962,144531
515;8153236;7962,144531
521;8153236;7962,144531
521;8153236;7962,144531
523;8153236;7962,144531
523;8153236;7962,144531
531;8153236;7962,144531
531;8153236;7962,144531
532;8153236;7962,144531
532;8153236;7962,144531
532;8153236;7962,144531
532;8153236;7962,144531
533;8153236;7962,144531
533;8153236;7962,144531
538;8153236;7962,144531
548;8153236;7962,144531
548;8153236;7962,144531
162;8153240;7962,148438
91;8153244;7962,152344
93;8153244;7962,152344
113;8153244;7962,152344
168;8153244;7962,152344
277;8153244;7962,152344
291;8153244;7962,152344
393;8153244;7962,152344
491;8153244;7962,152344
506;8153244;7962,152344
506;8153244;7962,152344
506;8153244;7962,152344
511;8153244;7962,152344
515;8153244;7962,152344
532;8153244;7962,152344
533;8153244;7962,152344
538;8153244;7962,152344
538;8153244;7962,152344
548;8153244;7962,152344
552;8153244;7962,152344
44;8153248;7962,15625
237;8153248;7962,15625
413;8153248;7962,15625
394;8169292;7977,824219
514;8169292;7977,824219
394;8169300;7977,832031
394;8169300;7977,832031
394;8169300;7977,832031
394;8169300;7977,832031
394;8169300;7977,832031
510;8169300;7977,832031
510;8169300;7977,832031
514;8169300;7977,832031
514;8169300;7977,832031
514;8169300;7977,832031
514;8169300;7977,832031
514;8169300;7977,832031
514;8169300;7977,832031
26;8169432;7977,960938
95;8169440;7977,96875
106;8169440;7977,96875
77;8169448;7977,976563
12;8175484;7983,871094
366;8175484;7983,871094
516;8175484;7983,871094
12;8175488;7983,875
10;8175492;7983,878906
27;8175492;7983,878906
30;8175492;7983,878906
50;8175492;7983,878906
51;8175492;7983,878906
55;8175492;7983,878906
73;8175492;7983,878906
96;8175492;7983,878906
100;8175492;7983,878906
133;8175492;7983,878906
179;8175492;7983,878906
251;8175492;7983,878906
303;8175492;7983,878906
405;8175492;7983,878906
528;8175492;7983,878906
95;8175496;7983,882813
18;8175580;7983,964844
25;8175580;7983,964844
390;8175580;7983,964844
498;8175584;7983,96875
7;8175592;7983,976563
509;8175592;7983,976563
516;8175592;7983,976563
522;8175592;7983,976563
3;8175596;7983,980469
4;8175596;7983,980469
5;8175596;7983,980469
8;8175596;7983,980469
11;8175596;7983,980469
39;8175596;7983,980469
50;8175596;7983,980469
53;8175596;7983,980469
58;8175596;7983,980469
88;8175596;7983,980469
92;8175596;7983,980469
96;8175596;7983,980469
109;8175596;7983,980469
110;8175596;7983,980469
118;8175596;7983,980469
143;8175596;7983,980469
147;8175596;7983,980469
167;8175596;7983,980469
170;8175596;7983,980469
170;8175596;7983,980469
176;8175596;7983,980469
187;8175596;7983,980469
245;8175596;7983,980469
251;8175596;7983,980469
261;8175596;7983,980469
270;8175596;7983,980469
285;8175596;7983,980469
315;8175596;7983,980469
432;8175596;7983,980469
437;8175596;7983,980469
454;8175596;7983,980469
480;8175596;7983,980469
480;8175596;7983,980469
489;8175596;7983,980469
489;8175596;7983,980469
489;8175596;7983,980469
498;8175596;7983,980469
502;8175596;7983,980469
502;8175596;7983,980469
502;8175596;7983,980469
509;8175596;7983,980469
509;8175596;7983,980469
509;8175596;7983,980469
527;8175596;7983,980469
527;8175596;7983,980469
537;8175596;7983,980469
1;8175600;7983,984375
28;8175600;7983,984375
33;8175600;7983,984375
45;8175600;7983,984375
50;8175600;7983,984375
51;8175600;7983,984375
87;8175600;7983,984375
87;8175600;7983,984375
98;8175600;7983,984375
103;8175600;7983,984375
103;8175600;7983,984375
105;8175600;7983,984375
113;8175600;7983,984375
130;8175600;7983,984375
132;8175600;7983,984375
137;8175600;7983,984375
141;8175600;7983,984375
150;8175600;7983,984375
159;8175600;7983,984375
167;8175600;7983,984375
172;8175600;7983,984375
176;8175600;7983,984375
187;8175600;7983,984375
190;8175600;7983,984375
190;8175600;7983,984375
196;8175600;7983,984375
198;8175600;7983,984375
230;8175600;7983,984375
234;8175600;7983,984375
251;8175600;7983,984375
252;8175600;7983,984375
262;8175600;7983,984375
279;8175600;7983,984375
279;8175600;7983,984375
280;8175600;7983,984375
288;8175600;7983,984375
354;8175600;7983,984375
403;8175600;7983,984375
441;8175600;7983,984375
442;8175600;7983,984375
454;8175600;7983,984375
454;8175600;7983,984375
454;8175600;7983,984375
454;8175600;7983,984375
454;8175600;7983,984375
454;8175600;7983,984375
454;8175600;7983,984375
454;8175600;7983,984375
480;8175600;7983,984375
480;8175600;7983,984375
480;8175600;7983,984375
480;8175600;7983,984375
480;8175600;7983,984375
489;8175600;7983,984375
489;8175600;7983,984375
489;8175600;7983,984375
489;8175600;7983,984375
498;8175600;7983,984375
498;8175600;7983,984375
498;8175600;7983,984375
502;8175600;7983,984375
502;8175600;7983,984375
502;8175600;7983,984375
502;8175600;7983,984375
502;8175600;7983,984375
509;8175600;7983,984375
509;8175600;7983,984375
509;8175600;7983,984375
516;8175600;7983,984375
516;8175600;7983,984375
522;8175600;7983,984375
522;8175600;7983,984375
522;8175600;7983,984375
527;8175600;7983,984375
527;8175600;7983,984375
527;8175600;7983,984375
527;8175600;7983,984375
527;8175600;7983,984375
528;8175600;7983,984375
528;8175600;7983,984375
528;8175600;7983,984375
528;8175600;7983,984375
528;8175600;7983,984375
537;8175600;7983,984375
537;8175600;7983,984375
537;8175600;7983,984375
537;8175600;7983,984375
544;8175600;7983,984375
4;8175604;7983,988281
55;8175604;7983,988281
193;8175604;7983,988281
510;8176436;7984,800781
233;8176584;7984,945313
356;8176584;7984,945313
449;8176584;7984,945313
512;8176584;7984,945313
512;8176584;7984,945313
512;8176584;7984,945313
512;8176584;7984,945313
513;8176584;7984,945313
513;8176584;7984,945313
513;8176584;7984,945313
513;8176584;7984,945313
513;8176588;7984,949219
510;8176592;7984,953125
512;8176592;7984,953125
513;8176592;7984,953125
531;8185320;7993,476563
396;8185784;7993,929688
119;8185848;7993,992188
353;8198100;8005,957031
1;8205288;8012,976563
5;8205288;8012,976563
26;8205288;8012,976563
28;8205288;8012,976563
28;8205288;8012,976563
29;8205288;8012,976563
33;8205288;8012,976563
35;8205288;8012,976563
38;8205288;8012,976563
39;8205288;8012,976563
44;8205288;8012,976563
46;8205288;8013
46;8205288;8013
46;8205288;8013
46;8205288;8013
46;8205288;8013
49;8205288;8012,976563
52;8205288;8012,976563
63;8205288;8012,976563
65;8205288;8012,976563
67;8205288;8012,976563
70;8205288;8012,976563
76;8205288;8012,976563
97;8205288;8012,976563
102;8205288;8012,976563
113;8205288;8012,976563
113;8205288;8012,976563
118;8205288;8012,976563
123;8205288;8012,976563
131;8205288;8012,976563
131;8205288;8012,976563
136;8205288;8012,976563
139;8205288;8012,976563
141;8205288;8012,976563
147;8205288;8012,976563
153;8205288;8012,976563
159;8205288;8012,976563
166;8205288;8012,976563
171;8205288;8012,976563
176;8205288;8012,976563
176;8205288;8012,976563
178;8205288;8012,976563
179;8205288;8012,976563
194;8205288;8012,976563
197;8205288;8012,976563
199;8205288;8012,976563
233;8205288;8012,976563
233;8205288;8012,976563
239;8205288;8012,976563
244;8205288;8012,976563
249;8205288;8012,976563
251;8205288;8012,976563
251;8205288;8012,976563
252;8205288;8012,976563
259;8205288;8012,976563
266;8205288;8012,976563
280;8205288;8012,976563
285;8205288;8012,976563
290;8205288;8012,976563
293;8205288;8012,976563
298;8205288;8012,976563
300;8205288;8012,976563
300;8205288;8012,976563
301;8205288;8012,976563
303;8205288;8012,976563
306;8205288;8012,976563
307;8205288;8012,976563
313;8205288;8012,976563
328;8205288;8012,976563
345;8205288;8012,976563
381;8205288;8012,976563
419;8205288;8012,976563
427;8205288;8012,976563
428;8205288;8012,976563
434;8205288;8012,976563
437;8205288;8012,976563
451;8205288;8012,976563
457;8205288;8012,976563
496;8205288;8012,976563
496;8205288;8012,976563
503;8205288;8012,976563
503;8205288;8012,976563
503;8205288;8012,976563
517;8205288;8012,976563
517;8205288;8012,976563
517;8205288;8012,976563
517;8205288;8012,976563
517;8205288;8012,976563
524;8205288;8012,976563
524;8205288;8012,976563
524;8205288;8012,976563
524;8205288;8012,976563
525;8205288;8012,976563
525;8205288;8012,976563
525;8205288;8012,976563
525;8205288;8012,976563
525;8205288;8012,976563
535;8205288;8012,976563
535;8205288;8012,976563
535;8205288;8012,976563
535;8205288;8012,976563
537;8205288;8012,976563
539;8205288;8012,976563
539;8205288;8012,976563
539;8205288;8012,976563
539;8205288;8012,976563
541;8205288;8012,976563
541;8205288;8012,976563
541;8205288;8012,976563
541;8205288;8012,976563
549;8205288;8012,976563
549;8205288;8012,976563
551;8205288;8012,976563
551;8205288;8012,976563
551;8205288;8012,976563
551;8205288;8012,976563
551;8205288;8012,976563
551;8205288;8012,976563
559;8205288;8012,976563
559;8205288;8012,976563
559;8205288;8012,976563
559;8205288;8012,976563
559;8205288;8012,976563
561;8205288;8012,976563
567;8205288;8012,976563
571;8205288;8012,976563
5;8205292;8012,980469
6;8205292;8012,980469
38;8205292;8012,980469
53;8205292;8012,980469
57;8205292;8012,980469
70;8205292;8012,980469
72;8205292;8012,980469
91;8205292;8012,980469
98;8205292;8012,980469
109;8205292;8012,980469
126;8205292;8012,980469
127;8205292;8012,980469
153;8205292;8012,980469
154;8205292;8012,980469
159;8205292;8012,980469
162;8205292;8012,980469
163;8205292;8012,980469
166;8205292;8012,980469
189;8205292;8012,980469
200;8205292;8012,980469
233;8205292;8012,980469
250;8205292;8012,980469
271;8205292;8012,980469
299;8205292;8012,980469
333;8205292;8012,980469
345;8205292;8012,980469
400;8205292;8012,980469
400;8205292;8012,980469
463;8205292;8012,980469
496;8205292;8012,980469
496;8205292;8012,980469
496;8205292;8012,980469
498;8205292;8012,980469
503;8205292;8012,980469
503;8205292;8012,980469
515;8205292;8012,980469
524;8205292;8012,980469
535;8205292;8012,980469
539;8205292;8012,980469
541;8205292;8012,980469
547;8205292;8012,980469
549;8205292;8012,980469
549;8205292;8012,980469
549;8205292;8012,980469
166;8205296;8012,984375
233;8205296;8012,984375
271;8205296;8012,984375
524;8205296;8012,984375
171;16454148;16068,50391
244;16454148;16068,50391
